{"stats":{"minecraft:mined":{"minecraft:grass":2,"minecraft:oak_log":10,"minecraft:sand":3,"minecraft:tall_grass":2},"minecraft:dropped":{"minecraft:diamond_leggings":1,"minecraft:netherite_helmet":1,"minecraft:netherite_chestplate":1,"minecraft:diamond_boots":1},"minecraft:used":{"minecraft:chicken":2,"minecraft:pig_spawn_egg":18,"minecraft:wooden_sword":46,"minecraft:sand":2,"minecraft:mutton":1,"minecraft:crafting_table":1,"minecraft:porkchop":4},"minecraft:killed":{"minecraft:sheep":1,"minecraft:zombie":5,"minecraft:pig":4,"minecraft:chicken":3},"minecraft:custom":{"minecraft:time_since_rest":2383,"minecraft:sprint_one_cm":29061,"minecraft:damage_taken":635,"minecraft:walk_one_cm":27173,"minecraft:mob_kills":13,"minecraft:drop":4,"minecraft:damage_dealt":1786,"minecraft:interact_with_crafting_table":1,"minecraft:fly_one_cm":321361,"minecraft:crouch_one_cm":108,"minecraft:play_time":16863,"minecraft:deaths":1,"minecraft:sneak_time":329,"minecraft:walk_under_water_one_cm":1907,"minecraft:jump":276,"minecraft:leave_game":3,"minecraft:time_since_death":2091,"minecraft:walk_on_water_one_cm":1307,"minecraft:total_world_time":16863,"minecraft:fall_one_cm":4969},"minecraft:crafted":{"minecraft:wooden_sword":1,"minecraft:oak_planks":40,"minecraft:crafting_table":1,"minecraft:stick":8},"minecraft:killed_by":{"minecraft:creeper":1},"minecraft:picked_up":{"minecraft:feather":1,"minecraft:chicken":3,"minecraft:porkchop":8,"minecraft:sand":3,"minecraft:oak_log":10,"minecraft:mutton":2,"minecraft:white_wool":1}},"DataVersion":3465}